Date,England Total,Scotland Total,Wales Total,Northern Ireland Total,UK Total,England Daily,Scotland Total,Wales Daily,Northern Ireland Daily,UK Daily
2020-01-31,0.0,,,,0.0,,,,,
2020-02-01,0.0,,,,0.0,,,,,
2020-02-02,0.0,,,,0.0,,,,,
2020-02-03,0.0,,,,0.0,,,,,
2020-02-04,0.0,,,,0.0,,,,,
2020-02-05,0.0,,,,0.0,,,,,
2020-02-06,0.0,,,,0.0,,,,,
2020-02-07,0.0,,,,0.0,,,,,
2020-02-08,0.0,,,,0.0,,,,,
2020-02-09,0.0,,,,0.0,,,,,
2020-02-10,0.0,,,,0.0,,,,,
2020-02-11,0.0,,,,0.0,,,,,
2020-02-12,0.0,,,,0.0,,,,,
2020-02-13,0.0,,,,0.0,,,,,
2020-02-14,0.0,,,,0.0,,,,,
2020-02-15,0.0,,,,0.0,,,,,
2020-02-16,0.0,,,,0.0,,,,,
2020-02-17,0.0,,,,0.0,,,,,
2020-02-18,0.0,,,,0.0,,,,,
2020-02-19,0.0,,,,0.0,,,,,
2020-02-20,0.0,,,,0.0,,,,,
2020-02-21,0.0,,,,0.0,,,,,
2020-02-22,0.0,,,,0.0,,,,,
2020-02-23,0.0,,,,0.0,,,,,
2020-02-24,0.0,,,,0.0,,,,,
2020-02-25,0.0,,,,0.0,,,,,
2020-02-26,0.0,,,,0.0,,,,,
2020-02-27,0.0,,,,0.0,,,,,
2020-02-28,0.0,,0.0,,0.0,,,,,
2020-02-29,0.0,,0.0,,0.0,,,,,
2020-03-01,0.0,,0.0,,0.0,,,,,
2020-03-02,0.001851851851851852,0.0,0.0,,0.0015479876160990713,0.001851851851851852,,,,0.0015479876160990713
2020-03-03,0.005555555555555556,0.0,0.0,,0.0046439628482972135,0.003703703703703704,,,,0.0030959752321981426
2020-03-04,0.005555555555555556,0.0,0.0,,0.0046439628482972135,0.0,,,,0.0
2020-03-05,0.011111111111111112,0.0,0.0,,0.009287925696594427,0.005555555555555556,,,,0.0046439628482972135
2020-03-06,0.011111111111111112,0.0,0.0,0.0,0.009287925696594427,0.0,,,,0.0
2020-03-07,0.011111111111111112,0.0,0.0,0.0,0.009287925696594427,0.0,,,,0.0
2020-03-08,0.016666666666666666,0.0,0.0,0.0,0.01393188854489164,0.005555555555555556,,,,0.0046439628482972135
2020-03-09,0.025925925925925925,0.0,0.0,0.0,0.021671826625386997,0.009259259259259259,,,,0.007739938080495356
2020-03-10,0.03148148148148148,0.0,0.0,0.0,0.02631578947368421,0.005555555555555556,,,,0.0046439628482972135
2020-03-11,0.046296296296296294,0.0,0.0,0.0,0.03869969040247678,0.014814814814814815,,,,0.01238390092879257
2020-03-12,0.06851851851851852,0.01818181818181818,0.0,0.0,0.058823529411764705,0.022222222222222223,0.01818181818181818,,,0.020123839009287926
2020-03-13,0.09814814814814815,0.01818181818181818,0.0,0.0,0.08359133126934984,0.02962962962962963,0.0,,,0.02476780185758514
2020-03-14,0.13518518518518519,0.05454545454545454,0.0,0.0,0.11764705882352941,0.037037037037037035,0.03636363636363636,,,0.034055727554179564
2020-03-15,0.19444444444444445,0.05454545454545454,0.0,0.0,0.16718266253869968,0.05925925925925926,0.0,,,0.04953560371517028
2020-03-16,0.2740740740740741,0.07272727272727272,0.0967741935483871,0.0,0.23993808049535603,0.07962962962962963,0.01818181818181818,0.0967741935483871,,0.07275541795665634
2020-03-17,0.36666666666666664,0.10909090909090909,0.0967741935483871,0.0,0.3204334365325077,0.09259259259259259,0.03636363636363636,0.0,,0.0804953560371517
2020-03-18,0.49074074074074076,0.10909090909090909,0.0967741935483871,0.05,0.42569659442724456,0.12407407407407407,0.0,0.0,0.05,0.10526315789473684
2020-03-19,0.6148148148148148,0.16363636363636364,0.1935483870967742,0.1,0.5402476780185759,0.12407407407407407,0.05454545454545454,0.0967741935483871,0.05,0.11455108359133127
2020-03-20,0.8037037037037037,0.2545454545454545,0.25806451612903225,0.1,0.7089783281733746,0.18888888888888888,0.09090909090909091,0.06451612903225806,0.0,0.16873065015479877
2020-03-21,1.0185185185185186,0.36363636363636365,0.4838709677419355,0.15,0.9102167182662538,0.21481481481481482,0.10909090909090909,0.22580645161290322,0.05,0.20123839009287925
2020-03-22,1.3018518518518518,0.45454545454545453,0.6451612903225806,0.2,1.1640866873065014,0.2833333333333333,0.09090909090909091,0.16129032258064516,0.05,0.25386996904024767
2020-03-23,1.6222222222222222,0.5272727272727272,0.7741935483870968,0.45,1.4520123839009287,0.32037037037037036,0.07272727272727272,0.12903225806451613,0.25,0.28792569659442724
2020-03-24,2.0277777777777777,0.6545454545454545,1.064516129032258,0.55,1.8188854489164086,0.40555555555555556,0.12727272727272726,0.2903225806451613,0.1,0.3668730650154799
2020-03-25,2.5425925925925927,0.8545454545454545,1.3870967741935485,0.75,2.2879256965944275,0.5148148148148148,0.2,0.3225806451612903,0.2,0.46904024767801855
2020-03-26,3.1666666666666665,1.0727272727272728,1.7419354838709677,0.85,2.848297213622291,0.6240740740740741,0.21818181818181817,0.3548387096774194,0.1,0.5603715170278638
2020-03-27,3.859259259259259,1.2727272727272727,2.064516129032258,1.0,3.4643962848297214,0.6925925925925925,0.2,0.3225806451612903,0.15,0.6160990712074303
2020-03-28,4.57037037037037,1.8,2.5483870967741935,1.4,4.139318885448916,0.7111111111111111,0.5272727272727272,0.4838709677419355,0.4,0.6749226006191951
2020-03-29,5.42962962962963,2.1636363636363636,3.129032258064516,1.6,4.922600619195046,0.8592592592592593,0.36363636363636365,0.5806451612903226,0.2,0.7832817337461301
2020-03-30,6.433333333333334,2.709090909090909,3.6451612903225805,1.8,5.8390092879256965,1.0037037037037038,0.5454545454545454,0.5161290322580645,0.2,0.9164086687306502
2020-03-31,7.548148148148148,3.4,4.129032258064516,2.05,6.860681114551084,1.114814814814815,0.6909090909090909,0.4838709677419355,0.25,1.021671826625387
2020-04-01,8.84074074074074,4.236363636363636,4.806451612903226,2.25,8.051083591331269,1.2925925925925925,0.8363636363636363,0.6774193548387096,0.2,1.1904024767801857
2020-04-02,10.196296296296296,4.890909090909091,5.709677419354839,2.75,9.298761609907121,1.3555555555555556,0.6545454545454545,0.9032258064516129,0.5,1.2476780185758514
2020-04-03,11.572222222222223,5.945454545454545,6.645161290322581,3.25,10.59907120743034,1.375925925925926,1.0545454545454545,0.9354838709677419,0.5,1.3003095975232197
2020-04-04,13.125925925925927,6.454545454545454,7.645161290322581,3.7,12.003095975232197,1.5537037037037038,0.509090909090909,1.0,0.45,1.4040247678018576
2020-04-05,14.661111111111111,7.3090909090909095,8.612903225806452,4.25,13.422600619195046,1.5351851851851852,0.8545454545454545,0.967741935483871,0.55,1.4195046439628483
2020-04-06,16.153703703703705,8.454545454545455,9.258064516129032,4.55,14.808049535603715,1.4925925925925927,1.1454545454545455,0.6451612903225806,0.3,1.3854489164086687
2020-04-07,17.83888888888889,9.345454545454546,10.290322580645162,4.95,16.354489164086687,1.6851851851851851,0.8909090909090909,1.032258064516129,0.4,1.5464396284829722
2020-04-08,19.644444444444446,10.327272727272728,11.64516129032258,5.15,18.018575851393187,1.8055555555555556,0.9818181818181818,1.3548387096774193,0.2,1.6640866873065014
2020-04-09,21.261111111111113,11.527272727272727,13.03225806451613,6.05,19.56656346749226,1.6166666666666667,1.2,1.3870967741935485,0.9,1.5479876160990713
2020-04-10,22.835185185185185,12.581818181818182,13.838709677419354,6.6,21.027863777089784,1.5740740740740742,1.0545454545454545,0.8064516129032258,0.55,1.4613003095975232
2020-04-11,24.433333333333334,13.50909090909091,14.838709677419354,7.15,22.507739938080494,1.598148148148148,0.9272727272727272,1.0,0.55,1.479876160990712
2020-04-12,26.02037037037037,14.363636363636363,16.032258064516128,7.95,23.989164086687307,1.587037037037037,0.8545454545454545,1.1935483870967742,0.8,1.4814241486068112
2020-04-13,27.511111111111113,15.10909090909091,17.419354838709676,8.3,25.376160990712073,1.4907407407407407,0.7454545454545455,1.3870967741935485,0.35,1.3869969040247678
2020-04-14,28.935185185185187,16.036363636363635,18.258064516129032,8.9,26.704334365325078,1.424074074074074,0.9272727272727272,0.8387096774193549,0.6,1.328173374613003
2020-04-15,30.383333333333333,16.8,19.483870967741936,9.7,28.063467492260063,1.4481481481481482,0.7636363636363637,1.2258064516129032,0.8,1.3591331269349844
2020-04-16,31.78148148148148,17.581818181818182,20.612903225806452,10.25,29.36996904024768,1.3981481481481481,0.7818181818181819,1.1290322580645162,0.55,1.306501547987616
2020-04-17,33.15555555555556,18.272727272727273,21.548387096774192,10.7,30.63622291021672,1.374074074074074,0.6909090909090909,0.9354838709677419,0.45,1.2662538699690402
2020-04-18,34.46296296296296,19.21818181818182,22.580645161290324,11.2,31.874613003095977,1.3074074074074074,0.9454545454545454,1.032258064516129,0.5,1.238390092879257
2020-04-19,35.733333333333334,20.054545454545455,23.419354838709676,11.7,33.06346749226006,1.2703703703703704,0.8363636363636363,0.8387096774193549,0.5,1.1888544891640866
2020-04-20,37.00185185185185,21.163636363636364,24.225806451612904,12.3,34.27554179566563,1.2685185185185186,1.1090909090909091,0.8064516129032258,0.6,1.2120743034055728
2020-04-21,38.205555555555556,22.09090909090909,25.193548387096776,12.95,35.42724458204334,1.2037037037037037,0.9272727272727272,0.967741935483871,0.65,1.151702786377709
2020-04-22,39.3962962962963,22.927272727272726,25.93548387096774,13.9,36.55882352941177,1.1907407407407407,0.8363636363636363,0.7419354838709677,0.95,1.131578947368421
2020-04-23,40.49629629629629,23.818181818181817,26.516129032258064,14.7,37.60681114551084,1.1,0.8909090909090909,0.5806451612903226,0.8,1.0479876160990713
2020-04-24,41.61296296296296,24.509090909090908,27.516129032258064,15.25,38.6640866873065,1.1166666666666667,0.6909090909090909,1.0,0.55,1.0572755417956656
2020-04-25,42.64074074074074,25.381818181818183,28.451612903225808,16.0,39.6656346749226,1.0277777777777777,0.8727272727272727,0.9354838709677419,0.75,1.001547987616099
2020-04-26,43.67777777777778,26.163636363636364,28.967741935483872,16.7,40.64551083591331,1.037037037037037,0.7818181818181819,0.5161290322580645,0.7,0.9798761609907121
2020-04-27,44.614814814814814,27.254545454545454,29.483870967741936,17.35,41.56656346749226,0.937037037037037,1.0909090909090908,0.5161290322580645,0.65,0.9210526315789473
2020-04-28,45.53888888888889,27.98181818181818,29.967741935483872,17.65,42.43343653250774,0.924074074074074,0.7272727272727273,0.4838709677419355,0.3,0.8668730650154799
2020-04-29,46.4537037037037,28.672727272727272,30.806451612903224,18.35,43.31888544891641,0.9148148148148149,0.6909090909090909,0.8387096774193549,0.7,0.8854489164086687
2020-04-30,47.35,29.454545454545453,31.322580645161292,18.75,44.171826625387,0.8962962962962963,0.7818181818181819,0.5161290322580645,0.4,0.8529411764705882
2020-05-01,48.237037037037034,30.327272727272728,32.25806451612903,19.35,45.05108359133127,0.8870370370370371,0.8727272727272727,0.9354838709677419,0.6,0.8792569659442725
2020-05-02,49.022222222222226,31.12727272727273,32.70967741935484,19.95,45.81578947368421,0.7851851851851852,0.8,0.45161290322580644,0.6,0.7647058823529411
2020-05-03,49.74074074074074,31.8,33.16129032258065,20.5,46.51238390092879,0.7185185185185186,0.6727272727272727,0.45161290322580644,0.55,0.6965944272445821
2020-05-04,50.50370370370371,32.527272727272724,33.903225806451616,20.95,47.26160990712074,0.762962962962963,0.7272727272727273,0.7419354838709677,0.45,0.7492260061919505
2020-05-05,51.22962962962963,33.43636363636364,34.45161290322581,21.25,47.98142414860681,0.725925925925926,0.9090909090909091,0.5483870967741935,0.3,0.7198142414860681
2020-05-06,51.95185185185185,34.21818181818182,35.193548387096776,21.4,48.691950464396285,0.7222222222222222,0.7818181818181819,0.7419354838709677,0.15,0.7105263157894737
2020-05-07,52.69074074074074,34.945454545454545,35.806451612903224,21.55,49.40557275541796,0.7388888888888889,0.7272727272727273,0.6129032258064516,0.15,0.7136222910216719
2020-05-08,53.30185185185185,35.56363636363636,36.225806451612904,21.85,49.9984520123839,0.6111111111111112,0.6181818181818182,0.41935483870967744,0.3,0.5928792569659442
2020-05-09,53.912962962962965,36.18181818181818,36.45161290322581,22.2,50.583591331269346,0.6111111111111112,0.6181818181818182,0.22580645161290322,0.35,0.5851393188854489
2020-05-10,54.46851851851852,36.69090909090909,36.774193548387096,22.7,51.12229102167183,0.5555555555555556,0.509090909090909,0.3225806451612903,0.5,0.5386996904024768
2020-05-11,54.95,37.27272727272727,37.25806451612903,22.8,51.60061919504644,0.48148148148148145,0.5818181818181818,0.4838709677419355,0.1,0.47832817337461303
2020-05-12,55.45925925925926,37.836363636363636,37.61290322580645,23.0,52.09752321981424,0.5092592592592593,0.5636363636363636,0.3548387096774194,0.2,0.4969040247678019
2020-05-13,55.93333333333333,38.6,38.12903225806452,23.15,52.588235294117645,0.4740740740740741,0.7636363636363637,0.5161290322580645,0.15,0.4907120743034056
2020-05-14,56.446296296296296,39.236363636363635,38.516129032258064,23.65,53.10526315789474,0.512962962962963,0.6363636363636364,0.3870967741935484,0.5,0.5170278637770898
2020-05-15,56.94444444444444,39.70909090909091,39.03225806451613,23.8,53.591331269349844,0.4981481481481482,0.4727272727272727,0.5161290322580645,0.15,0.48606811145510836
2020-05-16,57.44074074074074,40.236363636363635,39.45161290322581,24.0,54.077399380804955,0.4962962962962963,0.5272727272727272,0.41935483870967744,0.2,0.48606811145510836
2020-05-17,57.8537037037037,40.70909090909091,39.806451612903224,24.35,54.4907120743034,0.412962962962963,0.4727272727272727,0.3548387096774194,0.35,0.413312693498452
2020-05-18,58.32222222222222,41.127272727272725,40.12903225806452,24.7,54.94427244582043,0.4685185185185185,0.41818181818181815,0.3225806451612903,0.35,0.4535603715170279
2020-05-19,58.75,41.63636363636363,40.483870967741936,24.95,55.369969040247675,0.42777777777777776,0.509090909090909,0.3548387096774194,0.25,0.42569659442724456
2020-05-20,59.18333333333333,42.03636363636364,40.70967741935484,25.2,55.78482972136223,0.43333333333333335,0.4,0.22580645161290322,0.25,0.4148606811145511
2020-05-21,59.55555555555556,42.472727272727276,41.0,25.4,56.15325077399381,0.37222222222222223,0.43636363636363634,0.2903225806451613,0.2,0.3684210526315789
2020-05-22,59.916666666666664,42.78181818181818,41.32258064516129,25.45,56.4984520123839,0.3611111111111111,0.3090909090909091,0.3225806451612903,0.05,0.34520123839009287
2020-05-23,60.28703703703704,42.981818181818184,41.54838709677419,25.55,56.8390092879257,0.37037037037037035,0.2,0.22580645161290322,0.1,0.34055727554179566
2020-05-24,60.6,43.127272727272725,41.935483870967744,25.9,57.142414860681114,0.31296296296296294,0.14545454545454545,0.3870967741935484,0.35,0.30340557275541796
2020-05-25,60.925925925925924,43.38181818181818,42.25806451612903,25.95,57.45356037151703,0.32592592592592595,0.2545454545454545,0.3225806451612903,0.05,0.3111455108359133
2020-05-26,61.27407407407407,43.63636363636363,42.58064516129032,26.0,57.78328173374613,0.34814814814814815,0.2545454545454545,0.3225806451612903,0.05,0.32972136222910214
2020-05-27,61.58888888888889,43.92727272727273,42.774193548387096,26.2,58.086687306501545,0.3148148148148148,0.2909090909090909,0.1935483870967742,0.2,0.30340557275541796
2020-05-28,61.925925925925924,44.21818181818182,43.29032258064516,26.35,58.422600619195045,0.337037037037037,0.2909090909090909,0.5161290322580645,0.15,0.33591331269349844
2020-05-29,62.227777777777774,44.41818181818182,43.645161290322584,26.4,58.71052631578947,0.30185185185185187,0.2,0.3548387096774194,0.05,0.28792569659442724
2020-05-30,62.49629629629629,44.527272727272724,43.96774193548387,26.5,58.962848297213625,0.26851851851851855,0.10909090909090909,0.3225806451612903,0.1,0.25232198142414863
2020-05-31,62.7037037037037,44.63636363636363,44.193548387096776,26.55,59.1578947368421,0.2074074074074074,0.10909090909090909,0.22580645161290322,0.05,0.19504643962848298
2020-06-01,62.92962962962963,44.69090909090909,44.483870967741936,26.6,59.36687306501548,0.22592592592592592,0.05454545454545454,0.2903225806451613,0.05,0.2089783281733746
2020-06-02,63.21666666666667,44.8,44.645161290322584,26.7,59.626934984520126,0.28703703703703703,0.10909090909090909,0.16129032258064516,0.1,0.26006191950464397
2020-06-03,63.47222222222222,44.945454545454545,44.87096774193548,26.8,59.86687306501548,0.25555555555555554,0.14545454545454545,0.22580645161290322,0.1,0.23993808049535603
2020-06-04,63.696296296296296,44.96363636363636,45.25806451612903,26.8,60.074303405572756,0.22407407407407406,0.01818181818181818,0.3870967741935484,0.0,0.20743034055727555
2020-06-05,63.898148148148145,45.127272727272725,45.38709677419355,26.85,60.26470588235294,0.20185185185185187,0.16363636363636364,0.12903225806451613,0.05,0.19040247678018576
2020-06-06,64.07962962962964,45.18181818181818,45.67741935483871,26.85,60.43498452012384,0.1814814814814815,0.05454545454545454,0.2903225806451613,0.0,0.17027863777089783
2020-06-07,64.28888888888889,45.30909090909091,45.935483870967744,26.85,60.63312693498452,0.20925925925925926,0.12727272727272726,0.25806451612903225,0.0,0.19814241486068113
2020-06-08,64.4962962962963,45.41818181818182,46.16129032258065,26.85,60.8266253869969,0.2074074074074074,0.10909090909090909,0.22580645161290322,0.0,0.19349845201238391
2020-06-09,64.6537037037037,45.43636363636364,46.29032258064516,26.85,60.96594427244582,0.1574074074074074,0.01818181818181818,0.12903225806451613,0.0,0.1393188854489164
2020-06-10,64.83333333333333,45.527272727272724,46.516129032258064,26.85,61.13467492260062,0.17962962962962964,0.09090909090909091,0.22580645161290322,0.0,0.16873065015479877
2020-06-11,64.96481481481482,45.56363636363636,46.67741935483871,26.95,61.258513931888544,0.13148148148148148,0.03636363636363636,0.16129032258064516,0.1,0.1238390092879257
2020-06-12,65.1,45.6,46.806451612903224,27.0,61.38235294117647,0.13518518518518519,0.03636363636363636,0.12903225806451613,0.05,0.1238390092879257
2020-06-13,65.1962962962963,45.654545454545456,47.0,27.05,61.478328173374614,0.0962962962962963,0.05454545454545454,0.1935483870967742,0.05,0.09597523219814241
2020-06-14,65.33703703703704,45.72727272727273,47.193548387096776,27.05,61.61145510835913,0.14074074074074075,0.07272727272727272,0.1935483870967742,0.0,0.13312693498452013
2020-06-15,65.45,45.78181818181818,47.38709677419355,27.05,61.71981424148607,0.11296296296296296,0.05454545454545454,0.1935483870967742,0.0,0.10835913312693499
2020-06-16,65.57777777777778,45.89090909090909,47.645161290322584,27.1,61.84984520123839,0.12777777777777777,0.10909090909090909,0.25806451612903225,0.05,0.13003095975232198
2020-06-17,65.67777777777778,45.945454545454545,47.67741935483871,27.15,61.94117647058823,0.1,0.05454545454545454,0.03225806451612903,0.05,0.0913312693498452
2020-06-18,65.78333333333333,46.0,47.67741935483871,27.2,62.03560371517028,0.10555555555555556,0.05454545454545454,0.0,0.05,0.09442724458204334
2020-06-19,65.87037037037037,46.0,47.806451612903224,27.25,62.11609907120743,0.08703703703703704,0.0,0.12903225806451613,0.05,0.0804953560371517
2020-06-20,65.97037037037038,46.054545454545455,47.903225806451616,27.25,62.20897832817337,0.1,0.05454545454545454,0.0967741935483871,0.0,0.09287925696594428
2020-06-21,66.05740740740741,46.09090909090909,48.064516129032256,27.25,62.29256965944273,0.08703703703703704,0.03636363636363636,0.16129032258064516,0.0,0.08359133126934984
2020-06-22,66.16481481481482,46.14545454545455,48.12903225806452,27.3,62.39164086687307,0.10740740740740741,0.05454545454545454,0.06451612903225806,0.05,0.09907120743034056
2020-06-23,66.27777777777777,46.163636363636364,48.16129032258065,27.35,62.4907120743034,0.11296296296296296,0.01818181818181818,0.03225806451612903,0.05,0.09907120743034056
2020-06-24,66.40185185185184,46.18181818181818,48.354838709677416,27.35,62.60526315789474,0.12407407407407407,0.01818181818181818,0.1935483870967742,0.0,0.11455108359133127
2020-06-25,66.50925925925925,46.18181818181818,48.645161290322584,27.4,62.71052631578947,0.10740740740740741,0.0,0.2903225806451613,0.05,0.10526315789473684
2020-06-26,66.57777777777778,46.18181818181818,48.70967741935484,27.5,62.77399380804953,0.06851851851851852,0.0,0.06451612903225806,0.1,0.06346749226006192
2020-06-27,66.65,46.25454545454546,48.903225806451616,27.5,62.84984520123839,0.07222222222222222,0.07272727272727272,0.1935483870967742,0.0,0.07585139318885449
2020-06-28,66.72777777777777,46.27272727272727,48.96774193548387,27.5,62.919504643962846,0.07777777777777778,0.01818181818181818,0.06451612903225806,0.0,0.0696594427244582
2020-06-29,66.79074074074074,46.29090909090909,49.064516129032256,27.55,62.97987616099071,0.06296296296296296,0.01818181818181818,0.0967741935483871,0.05,0.06037151702786378
2020-06-30,66.87037037037037,46.29090909090909,49.193548387096776,27.55,63.05263157894737,0.07962962962962963,0.0,0.12903225806451613,0.0,0.07275541795665634
2020-07-01,66.91111111111111,46.29090909090909,49.32258064516129,27.6,63.09442724458204,0.040740740740740744,0.0,0.12903225806451613,0.05,0.04179566563467492
2020-07-02,66.98518518518519,46.29090909090909,49.41935483870968,27.6,63.1609907120743,0.07407407407407407,0.0,0.0967741935483871,0.0,0.06656346749226007
2020-07-03,67.03333333333333,46.30909090909091,49.41935483870968,27.7,63.205882352941174,0.04814814814814815,0.01818181818181818,0.0,0.1,0.04489164086687306
2020-07-04,67.09074074074074,46.30909090909091,49.483870967741936,27.7,63.256965944272444,0.05740740740740741,0.0,0.06451612903225806,0.0,0.05108359133126935
2020-07-05,67.13518518518518,46.32727272727273,49.54838709677419,27.7,63.29876160990712,0.044444444444444446,0.01818181818181818,0.06451612903225806,0.0,0.04179566563467492
2020-07-06,67.1962962962963,46.32727272727273,49.61290322580645,27.7,63.35294117647059,0.06111111111111111,0.0,0.06451612903225806,0.0,0.05417956656346749
2020-07-07,67.24444444444444,46.32727272727273,49.645161290322584,27.7,63.39473684210526,0.04814814814814815,0.0,0.03225806451612903,0.0,0.04179566563467492
2020-07-08,67.28703703703704,46.32727272727273,49.67741935483871,27.7,63.43188854489164,0.04259259259259259,0.0,0.03225806451612903,0.0,0.03715170278637771
2020-07-09,67.35185185185185,46.32727272727273,49.70967741935484,27.75,63.4891640866873,0.06481481481481481,0.0,0.03225806451612903,0.05,0.05727554179566564
2020-07-10,67.39074074074074,46.32727272727273,49.70967741935484,27.75,63.521671826625386,0.03888888888888889,0.0,0.0,0.0,0.032507739938080496
2020-07-11,67.42777777777778,46.32727272727273,49.74193548387097,27.75,63.55417956656347,0.037037037037037035,0.0,0.03225806451612903,0.0,0.032507739938080496
2020-07-12,67.45,46.32727272727273,49.74193548387097,27.8,63.574303405572756,0.022222222222222223,0.0,0.0,0.05,0.020123839009287926
2020-07-13,67.49074074074075,46.32727272727273,49.806451612903224,27.8,63.61145510835913,0.040740740740740744,0.0,0.06451612903225806,0.0,0.03715170278637771
2020-07-14,67.52777777777777,46.32727272727273,49.83870967741935,27.8,63.643962848297214,0.037037037037037035,0.0,0.03225806451612903,0.0,0.032507739938080496
2020-07-15,67.56481481481481,46.32727272727273,49.83870967741935,27.8,63.6749226006192,0.037037037037037035,0.0,0.0,0.0,0.030959752321981424
2020-07-16,67.58703703703704,46.32727272727273,49.87096774193548,27.8,63.695046439628484,0.022222222222222223,0.0,0.03225806451612903,0.0,0.020123839009287926
2020-07-17,67.62037037037037,46.32727272727273,49.87096774193548,27.8,63.72291021671827,0.03333333333333333,0.0,0.0,0.0,0.02786377708978328
2020-07-18,67.6462962962963,46.32727272727273,49.87096774193548,27.8,63.744582043343655,0.025925925925925925,0.0,0.0,0.0,0.021671826625386997
2020-07-19,67.67222222222222,46.32727272727273,49.87096774193548,27.8,63.76625386996904,0.025925925925925925,0.0,0.0,0.0,0.021671826625386997
2020-07-20,67.69444444444444,46.32727272727273,49.87096774193548,27.8,63.78482972136223,0.022222222222222223,0.0,0.0,0.0,0.018575851393188854
2020-07-21,67.72962962962963,46.32727272727273,49.903225806451616,27.8,63.81578947368421,0.03518518518518519,0.0,0.03225806451612903,0.0,0.030959752321981424
2020-07-22,67.75925925925925,46.32727272727273,49.935483870967744,27.8,63.8421052631579,0.02962962962962963,0.0,0.03225806451612903,0.0,0.02631578947368421
2020-07-23,67.78888888888889,46.32727272727273,49.935483870967744,27.8,63.86687306501548,0.02962962962962963,0.0,0.0,0.0,0.02476780185758514
2020-07-24,67.8,46.32727272727273,49.96774193548387,27.8,63.87770897832817,0.011111111111111112,0.0,0.03225806451612903,0.0,0.010835913312693499
2020-07-25,67.82407407407408,46.345454545454544,50.03225806451613,27.8,63.90247678018576,0.024074074074074074,0.01818181818181818,0.06451612903225806,0.0,0.02476780185758514
2020-07-26,67.85,46.345454545454544,50.096774193548384,27.8,63.92724458204334,0.025925925925925925,0.0,0.06451612903225806,0.0,0.02476780185758514
2020-07-27,67.86851851851851,46.345454545454544,50.12903225806452,27.8,63.94427244582043,0.018518518518518517,0.0,0.03225806451612903,0.0,0.017027863777089782
2020-07-28,67.88703703703703,46.345454545454544,50.193548387096776,27.8,63.962848297213625,0.018518518518518517,0.0,0.06451612903225806,0.0,0.018575851393188854
2020-07-29,67.90185185185184,46.345454545454544,50.32258064516129,27.8,63.98142414860681,0.014814814814814815,0.0,0.12903225806451613,0.0,0.018575851393188854
2020-07-30,67.91666666666667,46.345454545454544,50.38709677419355,27.8,63.9969040247678,0.014814814814814815,0.0,0.06451612903225806,0.0,0.015479876160990712
2020-07-31,67.93518518518519,46.345454545454544,50.516129032258064,27.8,64.0185758513932,0.018518518518518517,0.0,0.12903225806451613,0.0,0.021671826625386997
2020-08-01,67.95185185185186,46.345454545454544,50.58064516129032,27.8,64.03560371517028,0.016666666666666666,0.0,0.06451612903225806,0.0,0.017027863777089782
2020-08-02,67.96666666666667,46.345454545454544,50.645161290322584,27.8,64.05108359133126,0.014814814814814815,0.0,0.06451612903225806,0.0,0.015479876160990712
2020-08-03,67.99259259259259,46.345454545454544,50.67741935483871,27.8,64.07430340557275,0.025925925925925925,0.0,0.03225806451612903,0.0,0.02321981424148607
2020-08-04,68.0111111111111,46.345454545454544,50.806451612903224,27.8,64.09597523219814,0.018518518518518517,0.0,0.12903225806451613,0.0,0.021671826625386997
2020-08-05,68.01666666666667,46.345454545454544,50.903225806451616,27.8,64.10526315789474,0.005555555555555556,0.0,0.0967741935483871,0.0,0.009287925696594427
2020-08-06,68.03333333333333,46.345454545454544,50.903225806451616,27.8,64.11919504643963,0.016666666666666666,0.0,0.0,0.0,0.01393188854489164
2020-08-07,68.04629629629629,46.345454545454544,51.064516129032256,27.8,64.13777089783282,0.012962962962962963,0.0,0.16129032258064516,0.0,0.018575851393188854
2020-08-08,68.06666666666666,46.345454545454544,51.12903225806452,27.85,64.1594427244582,0.020370370370370372,0.0,0.06451612903225806,0.05,0.021671826625386997
2020-08-09,68.08148148148148,46.345454545454544,51.12903225806452,27.85,64.171826625387,0.014814814814814815,0.0,0.0,0.0,0.01238390092879257
2020-08-10,68.10185185185185,46.345454545454544,51.193548387096776,27.85,64.19195046439629,0.020370370370370372,0.0,0.06451612903225806,0.0,0.020123839009287926
2020-08-11,68.12037037037037,46.345454545454544,51.193548387096776,27.85,64.20743034055728,0.018518518518518517,0.0,0.0,0.0,0.015479876160990712
2020-08-12,68.13148148148149,46.345454545454544,51.225806451612904,27.85,64.21826625386997,0.011111111111111112,0.0,0.03225806451612903,0.0,0.010835913312693499
2020-08-13,68.14444444444445,46.345454545454544,51.25806451612903,27.9,64.23219814241486,0.012962962962962963,0.0,0.03225806451612903,0.05,0.01393188854489164
2020-08-14,68.15555555555555,46.345454545454544,51.29032258064516,27.9,64.24303405572755,0.011111111111111112,0.0,0.03225806451612903,0.0,0.010835913312693499
2020-08-15,68.17592592592592,46.345454545454544,51.29032258064516,27.95,64.26160990712074,0.020370370370370372,0.0,0.0,0.05,0.018575851393188854
2020-08-16,68.18333333333334,46.345454545454544,51.29032258064516,27.95,64.26780185758514,0.007407407407407408,0.0,0.0,0.0,0.006191950464396285
2020-08-17,68.20555555555555,46.345454545454544,51.29032258064516,27.95,64.28637770897832,0.022222222222222223,0.0,0.0,0.0,0.018575851393188854
2020-08-18,68.21851851851852,46.345454545454544,51.354838709677416,27.95,64.30030959752322,0.012962962962962963,0.0,0.06451612903225806,0.0,0.01393188854489164
2020-08-19,68.22222222222223,46.36363636363637,51.354838709677416,27.95,64.30495356037152,0.003703703703703704,0.01818181818181818,0.0,0.0,0.0046439628482972135
2020-08-20,68.23703703703704,46.36363636363637,51.354838709677416,27.95,64.31733746130031,0.014814814814814815,0.0,0.0,0.0,0.01238390092879257
2020-08-21,68.25,46.36363636363637,51.354838709677416,27.95,64.328173374613,0.012962962962962963,0.0,0.0,0.0,0.010835913312693499
2020-08-22,68.2611111111111,46.38181818181818,51.38709677419355,27.95,64.3405572755418,0.011111111111111112,0.01818181818181818,0.03225806451612903,0.0,0.01238390092879257
2020-08-23,68.28518518518518,46.4,51.38709677419355,27.95,64.36222910216718,0.024074074074074074,0.01818181818181818,0.0,0.0,0.021671826625386997
2020-08-24,68.29444444444445,46.4,51.41935483870968,27.95,64.37151702786377,0.009259259259259259,0.0,0.03225806451612903,0.0,0.009287925696594427
2020-08-25,68.31481481481481,46.4,51.41935483870968,28.0,64.39009287925697,0.020370370370370372,0.0,0.0,0.05,0.018575851393188854
2020-08-26,68.33518518518518,46.4,51.41935483870968,28.0,64.40712074303406,0.020370370370370372,0.0,0.0,0.0,0.017027863777089782
2020-08-27,68.35,46.4,51.41935483870968,28.0,64.41950464396285,0.014814814814814815,0.0,0.0,0.0,0.01238390092879257
2020-08-28,68.36481481481482,46.41818181818182,51.41935483870968,28.05,64.43498452012383,0.014814814814814815,0.01818181818181818,0.0,0.05,0.015479876160990712
2020-08-29,68.37407407407407,46.41818181818182,51.41935483870968,28.05,64.44272445820434,0.009259259259259259,0.0,0.0,0.0,0.007739938080495356
2020-08-30,68.38518518518518,46.41818181818182,51.41935483870968,28.05,64.45201238390094,0.011111111111111112,0.0,0.0,0.0,0.009287925696594427
2020-08-31,68.39814814814815,46.41818181818182,51.483870967741936,28.05,64.46594427244582,0.012962962962962963,0.0,0.06451612903225806,0.0,0.01393188854489164
2020-09-01,68.40185185185184,46.41818181818182,51.483870967741936,28.1,64.47058823529412,0.003703703703703704,0.0,0.0,0.05,0.0046439628482972135
2020-09-02,68.41666666666667,46.43636363636364,51.483870967741936,28.1,64.484520123839,0.014814814814814815,0.01818181818181818,0.0,0.0,0.01393188854489164
2020-09-03,68.42777777777778,46.45454545454545,51.516129032258064,28.2,64.5,0.011111111111111112,0.01818181818181818,0.03225806451612903,0.1,0.015479876160990712
2020-09-04,68.43888888888888,46.472727272727276,51.516129032258064,28.2,64.51083591331269,0.011111111111111112,0.01818181818181818,0.0,0.0,0.010835913312693499
2020-09-05,68.46111111111111,46.472727272727276,51.516129032258064,28.25,64.53095975232198,0.022222222222222223,0.0,0.0,0.05,0.020123839009287926
2020-09-06,68.47592592592592,46.472727272727276,51.516129032258064,28.25,64.54334365325077,0.014814814814814815,0.0,0.0,0.0,0.01238390092879257
2020-09-07,68.5,46.472727272727276,51.516129032258064,28.35,64.56656346749226,0.024074074074074074,0.0,0.0,0.1,0.02321981424148607
2020-09-08,68.51666666666667,46.472727272727276,51.516129032258064,28.35,64.58049535603715,0.016666666666666666,0.0,0.0,0.0,0.01393188854489164
2020-09-09,68.53333333333333,46.472727272727276,51.516129032258064,28.35,64.59442724458205,0.016666666666666666,0.0,0.0,0.0,0.01393188854489164
2020-09-10,68.55555555555556,46.472727272727276,51.516129032258064,28.4,64.61455108359134,0.022222222222222223,0.0,0.0,0.05,0.020123839009287926
2020-09-11,68.57407407407408,46.472727272727276,51.54838709677419,28.5,64.63467492260062,0.018518518518518517,0.0,0.03225806451612903,0.1,0.020123839009287926
2020-09-12,68.60740740740741,46.472727272727276,51.54838709677419,28.5,64.6625386996904,0.03333333333333333,0.0,0.0,0.0,0.02786377708978328
2020-09-13,68.63333333333334,46.49090909090909,51.58064516129032,28.5,64.687306501548,0.025925925925925925,0.01818181818181818,0.03225806451612903,0.0,0.02476780185758514
2020-09-14,68.66481481481482,46.54545454545455,51.58064516129032,28.55,64.71981424148606,0.03148148148148148,0.05454545454545454,0.0,0.05,0.032507739938080496
2020-09-15,68.69259259259259,46.54545454545455,51.645161290322584,28.6,64.74767801857585,0.027777777777777776,0.0,0.06451612903225806,0.05,0.02786377708978328
2020-09-16,68.73333333333333,46.54545454545455,51.70967741935484,28.7,64.78792569659443,0.040740740740740744,0.0,0.06451612903225806,0.1,0.04024767801857585
2020-09-17,68.77777777777777,46.56363636363636,51.774193548387096,28.7,64.82972136222911,0.044444444444444446,0.01818181818181818,0.06451612903225806,0.0,0.04179566563467492
2020-09-18,68.81666666666666,46.6,51.774193548387096,28.75,64.86687306501548,0.03888888888888889,0.03636363636363636,0.0,0.05,0.03715170278637771
2020-09-19,68.85,46.6,51.774193548387096,28.85,64.89783281733746,0.03333333333333333,0.0,0.0,0.1,0.030959752321981424
2020-09-20,68.90185185185184,46.654545454545456,51.806451612903224,28.85,64.94736842105263,0.05185185185185185,0.05454545454545454,0.03225806451612903,0.0,0.04953560371517028
2020-09-21,68.9462962962963,46.69090909090909,51.83870967741935,28.85,64.98916408668731,0.044444444444444446,0.03636363636363636,0.03225806451612903,0.0,0.04179566563467492
2020-09-22,69.00925925925925,46.72727272727273,51.935483870967744,28.85,65.04953560371517,0.06296296296296296,0.03636363636363636,0.0967741935483871,0.0,0.06037151702786378
2020-09-23,69.10555555555555,46.74545454545454,52.03225806451613,28.85,65.13622291021672,0.0962962962962963,0.01818181818181818,0.0967741935483871,0.0,0.08668730650154799
2020-09-24,69.16666666666667,46.78181818181818,52.03225806451613,28.85,65.19040247678019,0.06111111111111111,0.03636363636363636,0.0,0.0,0.05417956656346749
2020-09-25,69.22037037037038,46.8,52.064516129032256,28.9,65.23993808049535,0.053703703703703705,0.01818181818181818,0.03225806451612903,0.05,0.04953560371517028
2020-09-26,69.28518518518518,46.836363636363636,52.12903225806452,28.9,65.30030959752322,0.06481481481481481,0.03636363636363636,0.06451612903225806,0.0,0.06037151702786378
2020-09-27,69.36296296296297,46.872727272727275,52.225806451612904,28.9,65.37306501547988,0.07777777777777778,0.03636363636363636,0.0967741935483871,0.0,0.07275541795665634
2020-09-28,69.45,46.92727272727273,52.32258064516129,28.95,65.45665634674923,0.08703703703703704,0.05454545454545454,0.0967741935483871,0.05,0.08359133126934984
2020-09-29,69.52962962962962,46.945454545454545,52.45161290322581,28.95,65.53095975232198,0.07962962962962963,0.01818181818181818,0.12903225806451613,0.0,0.07430340557275542
2020-09-30,69.61851851851851,47.018181818181816,52.58064516129032,29.0,65.61919504643963,0.08888888888888889,0.07272727272727272,0.12903225806451613,0.05,0.08823529411764706
2020-10-01,69.72222222222223,47.10909090909091,52.74193548387097,29.05,65.72291021671826,0.1037037037037037,0.09090909090909091,0.16129032258064516,0.05,0.10371517027863777
2020-10-02,69.83888888888889,47.127272727272725,52.806451612903224,29.15,65.828173374613,0.11666666666666667,0.01818181818181818,0.06451612903225806,0.1,0.10526315789473684
2020-10-03,69.94074074074074,47.18181818181818,53.064516129032256,29.2,65.93188854489163,0.10185185185185185,0.05454545454545454,0.25806451612903225,0.05,0.10371517027863777
2020-10-04,70.04074074074074,47.236363636363635,53.16129032258065,29.2,66.02476780185758,0.1,0.05454545454545454,0.0967741935483871,0.0,0.09287925696594428
2020-10-05,70.15,47.27272727272727,53.483870967741936,29.25,66.13622291021672,0.10925925925925926,0.03636363636363636,0.3225806451612903,0.05,0.11145510835913312
2020-10-06,70.26481481481481,47.345454545454544,53.61290322580645,29.3,66.24613003095975,0.11481481481481481,0.07272727272727272,0.12903225806451613,0.05,0.10990712074303406
2020-10-07,70.41481481481482,47.50909090909091,53.96774193548387,29.35,66.40402476780186,0.15,0.16363636363636364,0.3548387096774194,0.05,0.15789473684210525
2020-10-08,70.55555555555556,47.70909090909091,54.16129032258065,29.35,66.54798761609906,0.14074074074074075,0.2,0.1935483870967742,0.0,0.14396284829721362
2020-10-09,70.67962962962963,47.81818181818182,54.354838709677416,29.35,66.67027863777089,0.12407407407407407,0.10909090909090909,0.1935483870967742,0.0,0.12229102167182662
2020-10-10,70.8462962962963,48.0,54.45161290322581,29.35,66.82972136222911,0.16666666666666666,0.18181818181818182,0.0967741935483871,0.0,0.15944272445820434
2020-10-11,71.03703703703704,48.18181818181818,54.58064516129032,29.65,67.02012383900929,0.19074074074074074,0.18181818181818182,0.12903225806451613,0.3,0.19040247678018576
2020-10-12,71.21481481481482,48.32727272727273,54.70967741935484,29.9,67.19504643962848,0.17777777777777778,0.14545454545454545,0.12903225806451613,0.25,0.17492260061919504
2020-10-13,71.37592592592593,48.527272727272724,54.96774193548387,30.1,67.36532507739938,0.16111111111111112,0.2,0.25806451612903225,0.2,0.17027863777089783
2020-10-14,71.56296296296296,48.63636363636363,55.193548387096776,30.2,67.54489164086688,0.18703703703703703,0.10909090909090909,0.22580645161290322,0.1,0.17956656346749225
2020-10-15,71.7925925925926,48.92727272727273,55.41935483870968,30.4,67.77863777089783,0.22962962962962963,0.2909090909090909,0.22580645161290322,0.2,0.23374613003095976
2020-10-16,72.01851851851852,49.27272727272727,55.61290322580645,30.5,68.0092879256966,0.22592592592592592,0.34545454545454546,0.1935483870967742,0.1,0.2306501547987616
2020-10-17,72.31666666666666,49.45454545454545,55.74193548387097,30.65,68.28482972136223,0.29814814814814816,0.18181818181818182,0.12903225806451613,0.15,0.2755417956656347
2020-10-18,72.53888888888889,49.836363636363636,56.096774193548384,31.0,68.53095975232198,0.2222222222222222,0.38181818181818183,0.3548387096774194,0.35,0.24613003095975233
2020-10-19,72.83333333333333,50.10909090909091,56.516129032258064,31.2,68.82662538699691,0.29444444444444445,0.2727272727272727,0.41935483870967744,0.2,0.29566563467492263
2020-10-20,73.15,50.41818181818182,56.645161290322584,31.35,69.12848297213623,0.31666666666666665,0.3090909090909091,0.12903225806451613,0.15,0.3018575851393189
2020-10-21,73.5037037037037,50.61818181818182,57.064516129032256,31.65,69.47058823529412,0.3537037037037037,0.2,0.41935483870967744,0.3,0.34210526315789475
2020-10-22,73.85,50.92727272727273,57.96774193548387,31.85,69.83591331269349,0.34629629629629627,0.3090909090909091,0.9032258064516129,0.2,0.3653250773993808
2020-10-23,74.19814814814815,51.236363636363635,58.32258064516129,32.15,70.17956656346749,0.34814814814814815,0.3090909090909091,0.3548387096774194,0.3,0.34365325077399383
2020-10-24,74.51481481481481,51.6,58.806451612903224,32.55,70.51083591331269,0.31666666666666665,0.36363636363636365,0.4838709677419355,0.4,0.33126934984520123
2020-10-25,74.8962962962963,52.0,59.32258064516129,32.85,70.89783281733746,0.3814814814814815,0.4,0.5161290322580645,0.3,0.38699690402476783
2020-10-26,75.30555555555556,52.54545454545455,59.806451612903224,33.4,71.32662538699691,0.40925925925925927,0.5454545454545454,0.4838709677419355,0.55,0.42879256965944273
2020-10-27,75.7074074074074,52.836363636363636,60.54838709677419,33.9,71.73839009287926,0.40185185185185185,0.2909090909090909,0.7419354838709677,0.5,0.4117647058823529
2020-10-28,76.14814814814815,53.345454545454544,60.903225806451616,34.35,72.1811145510836,0.44074074074074077,0.509090909090909,0.3548387096774194,0.45,0.44272445820433437
2020-10-29,76.60925925925926,53.836363636363636,61.58064516129032,35.05,72.6625386996904,0.46111111111111114,0.4909090909090909,0.6774193548387096,0.7,0.48142414860681115
2020-10-30,77.12962962962963,54.472727272727276,62.03225806451613,35.5,73.187306501548,0.5203703703703704,0.6363636363636364,0.45161290322580644,0.45,0.5247678018575851
2020-10-31,77.64074074074074,54.92727272727273,62.41935483870968,35.85,73.68266253869969,0.5111111111111111,0.45454545454545453,0.3870967741935484,0.35,0.4953560371517028
2020-11-01,78.17037037037036,55.54545454545455,63.32258064516129,36.35,74.23684210526316,0.5296296296296297,0.6181818181818182,0.9032258064516129,0.5,0.5541795665634675
2020-11-02,78.69814814814815,56.054545454545455,63.87096774193548,36.6,74.75541795665634,0.5277777777777778,0.509090909090909,0.5483870967741935,0.25,0.5185758513931888
2020-11-03,79.23703703703704,56.67272727272727,64.61290322580645,37.2,75.312693498452,0.5388888888888889,0.6181818181818182,0.7419354838709677,0.6,0.5572755417956656
2020-11-04,79.75185185185185,57.018181818181816,65.3225806451613,37.7,75.8219814241486,0.5148148148148148,0.34545454545454546,0.7096774193548387,0.5,0.5092879256965944
2020-11-05,80.30925925925926,57.74545454545454,66.3225806451613,38.05,76.40866873065015,0.5574074074074075,0.7272727272727273,1.0,0.35,0.586687306501548
2020-11-06,80.92592592592592,58.21818181818182,67.16129032258064,38.8,77.02786377708978,0.6166666666666667,0.4727272727272727,0.8387096774193549,0.75,0.6191950464396285
2020-11-07,81.5425925925926,58.89090909090909,67.64516129032258,39.15,77.63467492260062,0.6166666666666667,0.6727272727272727,0.4838709677419355,0.35,0.6068111455108359
2020-11-08,82.17407407407407,59.527272727272724,68.58064516129032,39.65,78.27708978328174,0.6314814814814815,0.6363636363636364,0.9354838709677419,0.5,0.6424148606811145
2020-11-09,82.91666666666667,60.25454545454546,69.51612903225806,40.15,79.02012383900929,0.7425925925925926,0.7272727272727273,0.9354838709677419,0.5,0.7430340557275542
2020-11-10,83.50740740740741,60.872727272727275,70.41935483870968,40.55,79.62229102167183,0.5907407407407408,0.6181818181818182,0.9032258064516129,0.4,0.6021671826625387
2020-11-11,84.08518518518518,61.527272727272724,71.35483870967742,41.2,80.22600619195046,0.5777777777777777,0.6545454545454545,0.9354838709677419,0.65,0.6037151702786377
2020-11-12,84.73518518518519,62.10909090909091,72.25806451612904,41.7,80.87770897832817,0.65,0.5818181818181818,0.9032258064516129,0.5,0.651702786377709
2020-11-13,85.3962962962963,62.78181818181818,73.2258064516129,42.25,81.55108359133126,0.6611111111111111,0.6727272727272727,0.967741935483871,0.55,0.673374613003096
2020-11-14,86.05925925925926,63.50909090909091,73.83870967741936,42.9,82.21671826625386,0.662962962962963,0.7272727272727273,0.6129032258064516,0.65,0.6656346749226006
2020-11-15,86.76666666666667,64.12727272727273,74.64516129032258,43.55,82.91950464396285,0.7074074074074074,0.6181818181818182,0.8064516129032258,0.65,0.7027863777089783
2020-11-16,87.42962962962963,64.72727272727273,75.38709677419355,44.0,83.57430340557275,0.662962962962963,0.6,0.7419354838709677,0.45,0.6547987616099071
2020-11-17,88.1037037037037,65.38181818181818,76.3225806451613,44.55,84.25541795665634,0.674074074074074,0.6545454545454545,0.9354838709677419,0.55,0.6811145510835913
2020-11-18,88.90925925925926,65.81818181818181,76.90322580645162,45.05,85.0092879256966,0.8055555555555556,0.43636363636363634,0.5806451612903226,0.5,0.7538699690402477
2020-11-19,89.64444444444445,66.2909090909091,77.74193548387096,45.7,85.72445820433437,0.7351851851851852,0.4727272727272727,0.8387096774193549,0.65,0.7151702786377709
2020-11-20,90.36481481481482,66.81818181818181,78.41935483870968,46.35,86.42414860681114,0.7203703703703703,0.5272727272727272,0.6774193548387096,0.65,0.6996904024767802
2020-11-21,91.1,67.41818181818182,79.3225806451613,46.75,87.14551083591331,0.7351851851851852,0.6,0.9032258064516129,0.4,0.7213622291021672
2020-11-22,91.85185185185185,68.07272727272728,80.19354838709677,47.05,87.88080495356037,0.7518518518518519,0.6545454545454545,0.8709677419354839,0.3,0.7352941176470589
2020-11-23,92.5925925925926,68.63636363636364,81.0,47.45,88.59907120743034,0.7407407407407407,0.5636363636363636,0.8064516129032258,0.4,0.718266253869969
2020-11-24,93.34444444444445,69.18181818181819,81.58064516129032,47.8,89.312693498452,0.7518518518518519,0.5454545454545454,0.5806451612903226,0.35,0.7136222910216719
2020-11-25,94.13148148148149,69.76363636363637,82.12903225806451,48.3,90.06191950464397,0.7870370370370371,0.5818181818181818,0.5483870967741935,0.5,0.7492260061919505
2020-11-26,94.82037037037037,70.18181818181819,83.09677419354838,48.7,90.73219814241486,0.6888888888888889,0.41818181818181815,0.967741935483871,0.4,0.6702786377708978
2020-11-27,95.49074074074075,70.61818181818182,83.93548387096774,49.25,91.38699690402477,0.6703703703703704,0.43636363636363634,0.8387096774193549,0.55,0.6547987616099071
2020-11-28,96.2,71.36363636363636,84.96774193548387,49.8,92.10990712074303,0.7092592592592593,0.7454545454545455,1.032258064516129,0.55,0.7229102167182663
2020-11-29,96.94444444444444,71.87272727272727,85.80645161290323,50.2,92.828173374613,0.7444444444444445,0.509090909090909,0.8387096774193549,0.4,0.718266253869969
2020-11-30,97.61481481481482,72.45454545454545,86.35483870967742,50.8,93.48297213622291,0.6703703703703704,0.5818181818181818,0.5483870967741935,0.6,0.6547987616099071
2020-12-01,98.25555555555556,72.94545454545455,86.96774193548387,51.15,94.10061919504643,0.6407407407407407,0.4909090909090909,0.6129032258064516,0.35,0.6176470588235294
2020-12-02,98.87777777777778,73.30909090909091,87.6774193548387,51.55,94.69814241486068,0.6222222222222222,0.36363636363636365,0.7096774193548387,0.4,0.5975232198142415
2020-12-03,99.62777777777778,73.96363636363637,88.54838709677419,51.85,95.43188854489163,0.75,0.6545454545454545,0.8709677419354839,0.3,0.7337461300309598
2020-12-04,100.38888888888889,74.47272727272727,89.38709677419355,52.2,96.1625386996904,0.7611111111111111,0.509090909090909,0.8387096774193549,0.35,0.7306501547987616
2020-12-05,101.02592592592593,74.81818181818181,90.03225806451613,52.8,96.77399380804954,0.6370370370370371,0.34545454545454546,0.6451612903225806,0.6,0.6114551083591331
2020-12-06,101.68333333333334,75.34545454545454,90.83870967741936,53.35,97.42414860681114,0.6574074074074074,0.5272727272727272,0.8064516129032258,0.55,0.6501547987616099
2020-12-07,102.33888888888889,75.87272727272727,91.48387096774194,54.2,98.07430340557275,0.6555555555555556,0.5272727272727272,0.6451612903225806,0.85,0.6501547987616099
2020-12-08,103.03333333333333,76.38181818181818,92.29032258064517,54.55,98.74767801857585,0.6944444444444444,0.509090909090909,0.8064516129032258,0.35,0.673374613003096
2020-12-09,103.72592592592592,76.8,93.09677419354838,55.0,99.41486068111455,0.6925925925925925,0.41818181818181815,0.8064516129032258,0.45,0.6671826625386997
2020-12-10,104.42777777777778,77.21818181818182,94.16129032258064,55.65,100.10835913312694,0.7018518518518518,0.41818181818181815,1.064516129032258,0.65,0.6934984520123839
2020-12-11,105.16296296296296,77.58181818181818,95.0,56.1,100.80804953560371,0.7351851851851852,0.36363636363636365,0.8387096774193549,0.45,0.6996904024767802
2020-12-12,105.85555555555555,78.0,96.06451612903226,56.45,101.484520123839,0.6925925925925925,0.41818181818181815,1.064516129032258,0.35,0.6764705882352942
2020-12-13,106.53148148148148,78.47272727272727,96.7741935483871,56.7,102.13157894736842,0.6759259259259259,0.4727272727272727,0.7096774193548387,0.25,0.6470588235294118
2020-12-14,107.29444444444445,79.03636363636363,97.74193548387096,57.0,102.87306501547988,0.762962962962963,0.5636363636363636,0.967741935483871,0.3,0.7414860681114551
2020-12-15,108.01296296296296,79.61818181818182,98.80645161290323,57.3,103.58359133126935,0.7185185185185186,0.5818181818181818,1.064516129032258,0.3,0.7105263157894737
2020-12-16,108.67037037037036,80.18181818181819,99.90322580645162,57.95,104.25386996904025,0.6574074074074074,0.5636363636363636,1.096774193548387,0.65,0.6702786377708978
2020-12-17,109.48333333333333,80.83636363636364,101.45161290322581,58.65,105.08513931888545,0.812962962962963,0.6545454545454545,1.5483870967741935,0.7,0.8312693498452013
2020-12-18,110.28518518518518,81.25454545454545,103.0,59.15,105.88080495356037,0.8018518518518518,0.41818181818181815,1.5483870967741935,0.5,0.7956656346749226
2020-12-19,111.04814814814814,81.76363636363637,104.09677419354838,59.9,106.63777089783282,0.762962962962963,0.509090909090909,1.096774193548387,0.75,0.7569659442724458
2020-12-20,111.84444444444445,82.2909090909091,105.2258064516129,60.5,107.42105263157895,0.7962962962962963,0.5272727272727272,1.1290322580645162,0.6,0.7832817337461301
2020-12-21,112.76296296296296,82.74545454545455,106.41935483870968,61.35,108.31114551083591,0.9185185185185185,0.45454545454545453,1.1935483870967742,0.85,0.8900928792569659
2020-12-22,113.66851851851852,83.25454545454545,107.54838709677419,61.85,109.1811145510836,0.9055555555555556,0.509090909090909,1.1290322580645162,0.5,0.8699690402476781
2020-12-23,114.56111111111112,83.87272727272727,108.64516129032258,62.6,110.05572755417957,0.8925925925925926,0.6181818181818182,1.096774193548387,0.75,0.8746130030959752
2020-12-24,115.45925925925926,84.52727272727273,110.09677419354838,63.35,110.95510835913312,0.8981481481481481,0.6545454545454545,1.4516129032258065,0.75,0.8993808049535603
2020-12-25,116.45370370370371,85.16363636363636,111.16129032258064,63.7,111.90247678018576,0.9944444444444445,0.6363636363636364,1.064516129032258,0.35,0.9473684210526315
2020-12-26,117.50185185185185,85.78181818181818,112.54838709677419,64.2,112.91331269349845,1.048148148148148,0.6181818181818182,1.3870967741935485,0.5,1.0108359133126934
2020-12-27,118.56481481481481,86.4,113.48387096774194,64.9,113.92105263157895,1.0629629629629629,0.6181818181818182,0.9354838709677419,0.7,1.0077399380804954
2020-12-28,119.6574074074074,86.94545454545455,115.06451612903226,65.3,114.96904024767802,1.0925925925925926,0.5454545454545454,1.5806451612903225,0.4,1.0479876160990713
2020-12-29,120.72777777777777,87.41818181818182,116.38709677419355,65.85,115.984520123839,1.0703703703703704,0.4727272727272727,1.3225806451612903,0.55,1.0154798761609907
2020-12-30,121.88333333333334,88.0,118.0,66.5,117.09752321981424,1.1555555555555554,0.5818181818181818,1.6129032258064515,0.65,1.1130030959752322
2020-12-31,123.08888888888889,88.8,119.64516129032258,67.0,118.26780185758514,1.2055555555555555,0.8,1.6451612903225807,0.5,1.1702786377708978
2021-01-01,124.28148148148148,89.43636363636364,121.51612903225806,67.65,119.42879256965944,1.1925925925925926,0.6363636363636364,1.8709677419354838,0.65,1.1609907120743035
2021-01-02,125.52037037037037,90.2,122.61290322580645,68.35,120.60371517027863,1.238888888888889,0.7636363636363637,1.096774193548387,0.7,1.174922600619195
2021-01-03,126.72592592592592,90.96363636363637,124.3225806451613,68.95,121.77708978328174,1.2055555555555555,0.7636363636363637,1.7096774193548387,0.6,1.173374613003096
2021-01-04,128.12037037037038,91.63636363636364,125.51612903225806,69.6,123.07739938080495,1.3944444444444444,0.6727272727272727,1.1935483870967742,0.65,1.3003095975232197
2021-01-05,129.63888888888889,92.36363636363636,126.80645161290323,69.95,124.4814241486068,1.5185185185185186,0.7272727272727273,1.2903225806451613,0.35,1.4040247678018576
2021-01-06,131.1648148148148,93.23636363636363,128.3548387096774,70.5,125.92260061919505,1.525925925925926,0.8727272727272727,1.5483870967741935,0.55,1.4411764705882353
2021-01-07,132.80925925925925,94.03636363636363,129.67741935483872,71.55,127.46130030959752,1.6444444444444444,0.8,1.3225806451612903,1.05,1.5386996904024768
2021-01-08,134.45,94.8,131.1290322580645,72.05,128.9829721362229,1.6407407407407408,0.7636363636363637,1.4516129032258065,0.5,1.521671826625387
2021-01-09,136.1685185185185,95.49090909090908,132.2258064516129,73.05,130.56191950464395,1.7185185185185186,0.6909090909090909,1.096774193548387,1.0,1.5789473684210527
2021-01-10,137.98518518518517,96.56363636363636,133.51612903225808,73.85,132.25851393188856,1.8166666666666667,1.0727272727272728,1.2903225806451613,0.8,1.696594427244582
2021-01-11,139.84444444444443,97.43636363636364,135.25806451612902,75.0,134.0061919504644,1.8592592592592592,0.8727272727272727,1.7419354838709677,1.15,1.7476780185758514
2021-01-12,141.86481481481482,98.36363636363636,136.80645161290323,75.95,135.87770897832817,2.02037037037037,0.9272727272727272,1.5483870967741935,0.95,1.8715170278637772
2021-01-13,143.9,99.2909090909091,138.19354838709677,76.9,137.75386996904024,2.035185185185185,0.9272727272727272,1.3870967741935485,0.95,1.8761609907120742
2021-01-14,145.91666666666666,100.32727272727273,139.93548387096774,78.2,139.6517027863777,2.0166666666666666,1.0363636363636364,1.7419354838709677,1.3,1.8978328173374612
2021-01-15,147.9537037037037,101.38181818181818,141.29032258064515,79.4,141.54643962848297,2.037037037037037,1.0545454545454545,1.3548387096774193,1.2,1.894736842105263
2021-01-16,150.12037037037038,102.76363636363637,142.58064516129033,80.4,143.56811145510835,2.1666666666666665,1.3818181818181818,1.2903225806451613,1.0,2.021671826625387
2021-01-17,152.28148148148148,103.54545454545455,143.41935483870967,81.85,145.52631578947367,2.161111111111111,0.7818181818181819,0.8387096774193549,1.45,1.958204334365325
2021-01-18,154.44444444444446,104.69090909090909,144.80645161290323,82.9,147.530959752322,2.162962962962963,1.1454545454545455,1.3870967741935485,1.05,2.0046439628482973
2021-01-19,156.7462962962963,105.96363636363637,145.6451612903226,83.85,149.63312693498452,2.301851851851852,1.2727272727272727,0.8387096774193549,0.95,2.1021671826625385
2021-01-20,158.92037037037036,107.16363636363636,146.8709677419355,84.8,151.64086687306502,2.174074074074074,1.2,1.2258064516129032,0.95,2.0077399380804954
2021-01-21,161.0185185185185,108.2,147.96774193548387,85.35,153.55263157894737,2.098148148148148,1.0363636363636364,1.096774193548387,0.55,1.911764705882353
2021-01-22,163.0962962962963,109.41818181818182,149.2258064516129,86.0,155.47368421052633,2.077777777777778,1.2181818181818183,1.2580645161290323,0.65,1.9210526315789473
2021-01-23,165.0537037037037,110.38181818181818,150.29032258064515,87.0,157.27399380804954,1.9574074074074075,0.9636363636363636,1.064516129032258,1.0,1.8003095975232197
2021-01-24,166.97962962962964,111.65454545454546,151.38709677419354,87.65,159.06501547987617,1.9259259259259258,1.2727272727272727,1.096774193548387,0.65,1.7910216718266254
2021-01-25,168.9574074074074,112.6,152.25806451612902,88.4,160.86377708978327,1.9777777777777779,0.9454545454545454,0.8709677419354839,0.75,1.7987616099071206
2021-01-26,170.73518518518517,113.54545454545455,153.4516129032258,89.0,162.5061919504644,1.7777777777777777,0.9454545454545454,1.1935483870967742,0.6,1.6424148606811146
2021-01-27,172.59814814814814,114.63636363636364,154.16129032258064,90.0,164.22136222910217,1.862962962962963,1.0909090909090908,0.7096774193548387,1.0,1.715170278637771
2021-01-28,174.4777777777778,115.49090909090908,155.09677419354838,90.8,165.93498452012383,1.8796296296296295,0.8545454545454545,0.9354838709677419,0.8,1.7136222910216719
2021-01-29,176.22592592592594,116.54545454545455,156.4516129032258,91.95,167.58668730650155,1.7481481481481482,1.0545454545454545,1.3548387096774193,1.15,1.651702786377709
2021-01-30,177.76481481481483,117.34545454545454,157.16129032258064,92.65,168.99690402476782,1.538888888888889,0.8,0.7096774193548387,0.7,1.410216718266254
2021-01-31,179.26481481481483,118.2,157.8709677419355,93.25,170.37616099071207,1.5,0.8545454545454545,0.7096774193548387,0.6,1.3792569659442724
2021-02-01,180.75185185185185,118.98181818181818,158.80645161290323,94.0,171.75386996904024,1.487037037037037,0.7818181818181819,0.9354838709677419,0.75,1.3777089783281733
2021-02-02,182.15555555555557,119.74545454545455,159.8709677419355,94.65,173.06346749226006,1.4037037037037037,0.7636363636363637,1.064516129032258,0.65,1.3095975232198143
2021-02-03,183.59444444444443,120.61818181818182,160.74193548387098,94.9,174.39009287925697,1.4388888888888889,0.8727272727272727,0.8709677419354839,0.25,1.326625386996904
2021-02-04,184.7962962962963,121.2,161.4516129032258,95.6,175.5,1.201851851851852,0.5818181818181818,0.7096774193548387,0.7,1.109907120743034
2021-02-05,186.04444444444445,122.0,162.19354838709677,96.05,176.6609907120743,1.2481481481481482,0.8,0.7419354838709677,0.45,1.1609907120743035
2021-02-06,187.17222222222222,122.92727272727272,163.06451612903226,96.7,177.74458204334366,1.1277777777777778,0.9272727272727272,0.8709677419354839,0.65,1.08359133126935
2021-02-07,188.22037037037038,123.69090909090909,163.6451612903226,97.1,178.72600619195046,1.048148148148148,0.7636363636363637,0.5806451612903226,0.4,0.9814241486068112
2021-02-08,189.35185185185185,124.43636363636364,164.19354838709677,97.55,179.77554179566565,1.1314814814814815,0.7454545454545455,0.5483870967741935,0.45,1.0495356037151702
2021-02-09,190.34259259259258,125.30909090909091,164.7741935483871,97.7,180.71052631578948,0.9907407407407407,0.8727272727272727,0.5806451612903226,0.15,0.934984520123839
2021-02-10,191.3462962962963,125.98181818181818,165.41935483870967,98.1,181.6501547987616,1.0037037037037038,0.6727272727272727,0.6451612903225806,0.4,0.9396284829721362
2021-02-11,192.28518518518518,126.61818181818182,165.93548387096774,98.7,182.53250773993807,0.9388888888888889,0.6363636363636364,0.5161290322580645,0.6,0.8823529411764706
2021-02-12,193.12037037037038,127.36363636363636,166.74193548387098,99.15,183.34674922600618,0.8351851851851851,0.7454545454545455,0.8064516129032258,0.45,0.8142414860681114
2021-02-13,193.91666666666666,127.94545454545455,167.3548387096774,99.55,184.10371517027863,0.7962962962962963,0.5818181818181818,0.6129032258064516,0.4,0.7569659442724458
2021-02-14,194.72222222222223,128.54545454545453,168.03225806451613,99.8,184.8684210526316,0.8055555555555556,0.6,0.6774193548387096,0.25,0.7647058823529411
2021-02-15,195.57222222222222,129.16363636363636,168.61290322580646,100.05,185.6671826625387,0.85,0.6181818181818182,0.5806451612903226,0.25,0.7987616099071208
2021-02-16,196.3037037037037,129.61818181818182,169.0,100.65,186.3544891640867,0.7314814814814815,0.45454545454545453,0.3870967741935484,0.6,0.6873065015479877
2021-02-17,197.01296296296297,130.12727272727273,169.41935483870967,100.9,187.0185758513932,0.7092592592592593,0.509090909090909,0.41935483870967744,0.25,0.6640866873065016
2021-02-18,197.6888888888889,130.74545454545455,169.7741935483871,101.2,187.6625386996904,0.6759259259259259,0.6181818181818182,0.3548387096774194,0.3,0.6439628482972136
2021-02-19,198.27592592592592,131.54545454545453,170.3548387096774,101.3,188.25232198142416,0.587037037037037,0.8,0.5806451612903226,0.1,0.5897832817337462
2021-02-20,198.8351851851852,132.03636363636363,170.83870967741936,101.55,188.79256965944273,0.5592592592592592,0.4909090909090909,0.4838709677419355,0.25,0.5402476780185759
2021-02-21,199.36296296296297,132.4,171.32258064516128,101.8,189.29566563467492,0.5277777777777778,0.36363636363636365,0.4838709677419355,0.25,0.5030959752321982
2021-02-22,199.80925925925925,132.8,171.74193548387098,102.05,189.73065015479875,0.4462962962962963,0.4,0.41935483870967744,0.25,0.43498452012383904
2021-02-23,200.27962962962962,133.0909090909091,172.19354838709677,102.15,190.1733746130031,0.4703703703703704,0.2909090909090909,0.45161290322580644,0.1,0.44272445820433437
2021-02-24,200.72222222222223,133.4,172.58064516129033,102.35,190.59442724458205,0.4425925925925926,0.3090909090909091,0.3870967741935484,0.2,0.42105263157894735
2021-02-25,201.12777777777777,133.76363636363635,173.03225806451613,102.55,190.9922600619195,0.40555555555555556,0.36363636363636365,0.45161290322580644,0.2,0.3978328173374613
2021-02-26,201.48518518518517,134.05454545454546,173.4516129032258,102.7,191.34055727554178,0.3574074074074074,0.2909090909090909,0.41935483870967744,0.15,0.34829721362229105
2021-02-27,201.84814814814814,134.38181818181818,173.83870967741936,102.8,191.6934984520124,0.362962962962963,0.32727272727272727,0.3870967741935484,0.1,0.35294117647058826
2021-02-28,202.21296296296296,134.54545454545453,173.93548387096774,102.9,192.0201238390093,0.3648148148148148,0.16363636363636364,0.0967741935483871,0.1,0.326625386996904
2021-03-01,202.57037037037037,134.9090909090909,174.25806451612902,103.0,192.3684210526316,0.3574074074074074,0.36363636363636365,0.3225806451612903,0.1,0.34829721362229105
2021-03-02,202.85555555555555,135.14545454545456,174.67741935483872,103.1,192.6501547987616,0.2851851851851852,0.23636363636363636,0.41935483870967744,0.1,0.28173374613003094
2021-03-03,203.0888888888889,135.34545454545454,174.8709677419355,103.3,192.87770897832817,0.23333333333333334,0.2,0.1935483870967742,0.2,0.22755417956656346
2021-03-04,203.32777777777778,135.6,175.1290322580645,103.4,193.11455108359132,0.2388888888888889,0.2545454545454545,0.25806451612903225,0.1,0.23684210526315788
2021-03-05,203.61666666666667,135.74545454545455,175.25806451612902,103.45,193.37616099071207,0.28888888888888886,0.14545454545454545,0.12903225806451613,0.05,0.26160990712074306
2021-03-06,203.85555555555555,135.92727272727274,175.51612903225808,103.75,193.61300309597524,0.2388888888888889,0.18181818181818182,0.25806451612903225,0.3,0.23684210526315788
2021-03-07,204.0648148148148,136.1090909090909,175.70967741935485,103.85,193.81578947368422,0.20925925925925926,0.18181818181818182,0.1935483870967742,0.1,0.20278637770897834
2021-03-08,204.28703703703704,136.38181818181818,175.90322580645162,103.9,194.03560371517028,0.2222222222222222,0.2727272727272727,0.1935483870967742,0.05,0.21981424148606812
2021-03-09,204.49814814814815,136.56363636363636,176.03225806451613,104.2,194.24303405572755,0.2111111111111111,0.18181818181818182,0.12903225806451613,0.3,0.20743034055727555
2021-03-10,204.67592592592592,136.65454545454546,176.25806451612902,104.55,194.42105263157896,0.17777777777777778,0.09090909090909091,0.22580645161290322,0.35,0.1780185758513932
2021-03-11,204.87222222222223,136.78181818181818,176.3548387096774,104.75,194.60681114551085,0.1962962962962963,0.12727272727272726,0.0967741935483871,0.2,0.18575851393188855
2021-03-12,205.0222222222222,136.8909090909091,176.48387096774192,104.8,194.74922600619195,0.15,0.10909090909090909,0.12903225806451613,0.05,0.14241486068111456
2021-03-13,205.20185185185184,136.96363636363637,176.61290322580646,104.8,194.91176470588235,0.17962962962962964,0.07272727272727272,0.12903225806451613,0.0,0.16253869969040247
2021-03-14,205.34814814814814,137.0909090909091,176.8709677419355,104.8,195.05727554179566,0.14629629629629629,0.12727272727272726,0.25806451612903225,0.0,0.14551083591331268
2021-03-15,205.50185185185185,137.1090909090909,177.0,104.9,195.19659442724458,0.1537037037037037,0.01818181818181818,0.12903225806451613,0.1,0.1393188854489164
2021-03-16,205.6259259259259,137.3090909090909,177.09677419354838,104.9,195.32198142414862,0.12407407407407407,0.2,0.0967741935483871,0.0,0.12538699690402477
2021-03-17,205.74444444444444,137.45454545454547,177.25806451612902,104.95,195.44272445820434,0.11851851851851852,0.14545454545454545,0.16129032258064516,0.05,0.12074303405572756
2021-03-18,205.84074074074073,137.5090909090909,177.32258064516128,105.05,195.53405572755418,0.0962962962962963,0.05454545454545454,0.06451612903225806,0.1,0.0913312693498452
2021-03-19,205.94444444444446,137.61818181818182,177.5483870967742,105.1,195.64241486068113,0.1037037037037037,0.10909090909090909,0.22580645161290322,0.05,0.10835913312693499
2021-03-20,206.0537037037037,137.70909090909092,177.5483870967742,105.1,195.74148606811144,0.10925925925925926,0.09090909090909091,0.0,0.0,0.09907120743034056
2021-03-21,206.18333333333334,137.78181818181818,177.6451612903226,105.25,195.86532507739938,0.12962962962962962,0.07272727272727272,0.0967741935483871,0.15,0.1238390092879257
2021-03-22,206.28703703703704,137.83636363636364,177.74193548387098,105.35,195.96439628482972,0.1037037037037037,0.05454545454545454,0.0967741935483871,0.1,0.09907120743034056
2021-03-23,206.37037037037038,137.8909090909091,177.7741935483871,105.35,196.04024767801857,0.08333333333333333,0.05454545454545454,0.03225806451612903,0.0,0.07585139318885449
2021-03-24,206.43148148148148,137.96363636363637,177.83870967741936,105.35,196.10061919504645,0.06111111111111111,0.07272727272727272,0.06451612903225806,0.0,0.06037151702786378
2021-03-25,206.5,138.0909090909091,177.8709677419355,105.35,196.1702786377709,0.06851851851851852,0.12727272727272726,0.03225806451612903,0.0,0.0696594427244582
2021-03-26,206.57592592592593,138.1818181818182,177.90322580645162,105.4,196.24458204334366,0.07592592592592592,0.09090909090909091,0.03225806451612903,0.05,0.07430340557275542
2021-03-27,206.62962962962962,138.27272727272728,177.93548387096774,105.45,196.3003095975232,0.053703703703703705,0.09090909090909091,0.03225806451612903,0.05,0.05572755417956656
2021-03-28,206.67962962962963,138.36363636363637,177.96774193548387,105.5,196.35294117647058,0.05,0.09090909090909091,0.03225806451612903,0.05,0.05263157894736842
2021-03-29,206.72592592592594,138.45454545454547,178.03225806451613,105.6,196.40557275541795,0.046296296296296294,0.09090909090909091,0.06451612903225806,0.1,0.05263157894736842
2021-03-30,206.79444444444445,138.4909090909091,178.03225806451613,105.75,196.47058823529412,0.06851851851851852,0.03636363636363636,0.0,0.15,0.06501547987616099
2021-03-31,206.86111111111111,138.52727272727273,178.03225806451613,105.75,196.52941176470588,0.06666666666666667,0.03636363636363636,0.0,0.0,0.058823529411764705
2021-04-01,206.91296296296295,138.54545454545453,178.09677419354838,105.75,196.57739938080496,0.05185185185185185,0.01818181818181818,0.06451612903225806,0.0,0.047987616099071206
2021-04-02,206.94814814814814,138.5818181818182,178.25806451612902,105.85,196.62074303405572,0.03518518518518519,0.03636363636363636,0.16129032258064516,0.1,0.043343653250773995
2021-04-03,206.99814814814815,138.61818181818182,178.29032258064515,105.9,196.6687306501548,0.05,0.03636363636363636,0.03225806451612903,0.05,0.047987616099071206
2021-04-04,207.04074074074074,138.63636363636363,178.29032258064515,105.95,196.70743034055727,0.04259259259259259,0.01818181818181818,0.0,0.05,0.03869969040247678
2021-04-05,207.05925925925925,138.70909090909092,178.32258064516128,106.05,196.73374613003097,0.018518518518518517,0.07272727272727272,0.03225806451612903,0.1,0.02631578947368421
2021-04-06,207.10185185185185,138.74545454545455,178.38709677419354,106.1,196.77708978328172,0.04259259259259259,0.03636363636363636,0.06451612903225806,0.05,0.043343653250773995
2021-04-07,207.14814814814815,138.78181818181818,178.38709677419354,106.2,196.82198142414862,0.046296296296296294,0.03636363636363636,0.0,0.1,0.04489164086687306
2021-04-08,207.20555555555555,138.8181818181818,178.41935483870967,106.25,196.87616099071207,0.05740740740740741,0.03636363636363636,0.03225806451612903,0.05,0.05417956656346749
2021-04-09,207.23703703703703,138.85454545454544,178.48387096774192,106.35,196.91176470588235,0.03148148148148148,0.03636363636363636,0.06451612903225806,0.1,0.03560371517027864
2021-04-10,207.27037037037036,138.9090909090909,178.5483870967742,106.4,196.94891640866874,0.03333333333333333,0.05454545454545454,0.06451612903225806,0.05,0.03715170278637771
2021-04-11,207.30555555555554,138.94545454545454,178.5483870967742,106.45,196.9829721362229,0.03518518518518519,0.03636363636363636,0.0,0.05,0.034055727554179564
2021-04-12,207.35185185185185,138.94545454545454,178.61290322580646,106.45,197.0247678018576,0.046296296296296294,0.0,0.06451612903225806,0.0,0.04179566563467492
2021-04-13,207.38703703703703,138.94545454545454,178.61290322580646,106.5,197.05572755417955,0.03518518518518519,0.0,0.0,0.05,0.030959752321981424
2021-04-14,207.4037037037037,139.0,178.70967741935485,106.6,197.08204334365325,0.016666666666666666,0.05454545454545454,0.0967741935483871,0.1,0.02631578947368421
2021-04-15,207.4351851851852,139.03636363636363,178.74193548387098,106.65,197.11455108359132,0.03148148148148148,0.03636363636363636,0.03225806451612903,0.05,0.032507739938080496
2021-04-16,207.46296296296296,139.05454545454546,178.74193548387098,106.7,197.14086687306502,0.027777777777777776,0.01818181818181818,0.0,0.05,0.02631578947368421
2021-04-17,207.49444444444444,139.07272727272726,178.80645161290323,106.75,197.1733746130031,0.03148148148148148,0.01818181818181818,0.06451612903225806,0.05,0.032507739938080496
2021-04-18,207.52037037037036,139.07272727272726,178.8709677419355,106.75,197.19814241486068,0.025925925925925925,0.0,0.06451612903225806,0.0,0.02476780185758514
2021-04-19,207.54814814814816,139.0909090909091,178.8709677419355,106.8,197.22445820433435,0.027777777777777776,0.01818181818181818,0.0,0.05,0.02631578947368421
2021-04-20,207.57962962962964,139.1090909090909,178.90322580645162,106.8,197.25386996904024,0.03148148148148148,0.01818181818181818,0.03225806451612903,0.0,0.029411764705882353
2021-04-21,207.61111111111111,139.16363636363636,178.93548387096774,106.95,197.29102167182663,0.03148148148148148,0.05454545454545454,0.03225806451612903,0.15,0.03715170278637771
2021-04-22,207.63703703703703,139.16363636363636,178.93548387096774,107.05,197.31578947368422,0.025925925925925925,0.0,0.0,0.1,0.02476780185758514
2021-04-23,207.6685185185185,139.2,179.0,107.05,197.3482972136223,0.03148148148148148,0.03636363636363636,0.06451612903225806,0.0,0.032507739938080496
2021-04-24,207.68148148148148,139.2,179.0,107.1,197.36068111455108,0.012962962962962963,0.0,0.0,0.05,0.01238390092879257
2021-04-25,207.7037037037037,139.23636363636365,179.03225806451613,107.1,197.38390092879257,0.022222222222222223,0.03636363636363636,0.03225806451612903,0.0,0.02321981424148607
2021-04-26,207.71851851851852,139.25454545454545,179.06451612903226,107.15,197.40092879256966,0.014814814814814815,0.01818181818181818,0.03225806451612903,0.05,0.017027863777089782
2021-04-27,207.73703703703703,139.27272727272728,179.06451612903226,107.2,197.41950464396285,0.018518518518518517,0.01818181818181818,0.0,0.05,0.018575851393188854
2021-04-28,207.76111111111112,139.29090909090908,179.06451612903226,107.2,197.44117647058823,0.024074074074074074,0.01818181818181818,0.0,0.0,0.021671826625386997
2021-04-29,207.78148148148148,139.29090909090908,179.09677419354838,107.25,197.46130030959753,0.020370370370370372,0.0,0.03225806451612903,0.05,0.020123839009287926
2021-04-30,207.7962962962963,139.29090909090908,179.09677419354838,107.25,197.47368421052633,0.014814814814814815,0.0,0.0,0.0,0.01238390092879257
2021-05-01,207.80925925925925,139.29090909090908,179.09677419354838,107.3,197.4860681114551,0.012962962962962963,0.0,0.0,0.05,0.01238390092879257
2021-05-02,207.82777777777778,139.3090909090909,179.1290322580645,107.3,197.5046439628483,0.018518518518518517,0.01818181818181818,0.03225806451612903,0.0,0.018575851393188854
2021-05-03,207.84259259259258,139.3090909090909,179.1290322580645,107.3,197.5170278637771,0.014814814814814815,0.0,0.0,0.0,0.01238390092879257
2021-05-04,207.85925925925926,139.3090909090909,179.16129032258064,107.3,197.53250773993807,0.016666666666666666,0.0,0.03225806451612903,0.0,0.015479876160990712
2021-05-05,207.88148148148147,139.3090909090909,179.16129032258064,107.3,197.55108359133126,0.022222222222222223,0.0,0.0,0.0,0.018575851393188854
2021-05-06,207.89444444444445,139.3090909090909,179.2258064516129,107.35,197.56656346749227,0.012962962962962963,0.0,0.06451612903225806,0.05,0.015479876160990712
2021-05-07,207.90925925925927,139.3090909090909,179.29032258064515,107.35,197.58204334365325,0.014814814814814815,0.0,0.06451612903225806,0.0,0.015479876160990712
2021-05-08,207.92407407407407,139.3090909090909,179.29032258064515,107.35,197.59442724458205,0.014814814814814815,0.0,0.0,0.0,0.01238390092879257
2021-05-09,207.93703703703704,139.3090909090909,179.32258064516128,107.35,197.60681114551085,0.012962962962962963,0.0,0.03225806451612903,0.0,0.01238390092879257
2021-05-10,207.95185185185184,139.3090909090909,179.32258064516128,107.35,197.61919504643961,0.014814814814814815,0.0,0.0,0.0,0.01238390092879257
2021-05-11,207.97592592592594,139.3090909090909,179.32258064516128,107.4,197.64086687306502,0.024074074074074074,0.0,0.0,0.05,0.021671826625386997
2021-05-12,207.9925925925926,139.34545454545454,179.32258064516128,107.4,197.6578947368421,0.016666666666666666,0.03636363636363636,0.0,0.0,0.017027863777089782
2021-05-13,207.99814814814815,139.34545454545454,179.32258064516128,107.45,197.6640866873065,0.005555555555555556,0.0,0.0,0.05,0.006191950464396285
2021-05-14,208.0037037037037,139.34545454545454,179.41935483870967,107.45,197.6733746130031,0.005555555555555556,0.0,0.0967741935483871,0.0,0.009287925696594427
2021-05-15,208.01666666666668,139.34545454545454,179.41935483870967,107.45,197.68421052631578,0.012962962962962963,0.0,0.0,0.0,0.010835913312693499
2021-05-16,208.02777777777777,139.34545454545454,179.41935483870967,107.55,197.69659442724458,0.011111111111111112,0.0,0.0,0.1,0.01238390092879257
2021-05-17,208.03703703703704,139.36363636363637,179.4516129032258,107.55,197.70743034055727,0.009259259259259259,0.01818181818181818,0.03225806451612903,0.0,0.010835913312693499
2021-05-18,208.0425925925926,139.36363636363637,179.51612903225808,107.6,197.71671826625388,0.005555555555555556,0.0,0.06451612903225806,0.05,0.009287925696594427
2021-05-19,208.04814814814816,139.36363636363637,179.58064516129033,107.6,197.72445820433435,0.005555555555555556,0.0,0.06451612903225806,0.0,0.007739938080495356
2021-05-20,208.05555555555554,139.36363636363637,179.58064516129033,107.6,197.73065015479875,0.007407407407407408,0.0,0.0,0.0,0.006191950464396285
2021-05-21,208.06666666666666,139.36363636363637,179.58064516129033,107.6,197.73993808049536,0.011111111111111112,0.0,0.0,0.0,0.009287925696594427
2021-05-22,208.07407407407408,139.38181818181818,179.58064516129033,107.6,197.74767801857584,0.007407407407407408,0.01818181818181818,0.0,0.0,0.007739938080495356
2021-05-23,208.0814814814815,139.4,179.58064516129033,107.6,197.75541795665634,0.007407407407407408,0.01818181818181818,0.0,0.0,0.007739938080495356
2021-05-24,208.09444444444443,139.4,179.61290322580646,107.6,197.76780185758514,0.012962962962962963,0.0,0.03225806451612903,0.0,0.01238390092879257
2021-05-25,208.1,139.4,179.6451612903226,107.6,197.77399380804954,0.005555555555555556,0.0,0.03225806451612903,0.0,0.006191950464396285
2021-05-26,208.11666666666667,139.4181818181818,179.6451612903226,107.6,197.78947368421052,0.016666666666666666,0.01818181818181818,0.0,0.0,0.015479876160990712
2021-05-27,208.1259259259259,139.4181818181818,179.6451612903226,107.6,197.79721362229103,0.009259259259259259,0.0,0.0,0.0,0.007739938080495356
2021-05-28,208.12777777777777,139.4181818181818,179.6451612903226,107.6,197.79876160990713,0.001851851851851852,0.0,0.0,0.0,0.0015479876160990713
2021-05-29,208.13148148148147,139.4181818181818,0.0,107.6,189.1811145510836,0.003703703703703704,0.0,,0.0,0.0030959752321981426
2021-05-30,0.0,0.0,0.0,0.0,0.0,,,,,
